Author,id,College,Status
J. Wu,Jiaqian Wu,COMP,Student
C. Kim,Chul Kim,CPM,Faculty
Y. J. Kim,Young Joo Kim,CVM,Faculty
D. Han,Danny Han,COP,Student
A. Gupta,Anushree Gupta,COMP,Faculty
J. M. Norian,John M. Norian,COMP,Faculty
J. Nelson,J. Michael Nelson,COMP,Faculty
T. Tan,Tiffany Tan,COMP,Student
S. Patel,Saloni Patel,COP,Student
H. M. Nguyen,Hieu T M. Nguyen,COMP,Faculty
T. Wood,Timothy Wood,CHS,Faculty
F. G. Thankam,Finosh G. Thankam,COMP,Faculty
J. G. Ayoub,Joelle G. Ayoub,COP,Faculty
M. M. R. Ahmed,Mohamed   Radwan Ahmed,COMP,Faculty
D. R. Wilson,Daniel R. Wilson,COMP,Faculty
R. Moellmer,Rebecca Moellmer,CPM,Faculty
E. Rega,Elizabeth Rega,COMP,Faculty
S. S. Sumida,Stuart S. Sumida,COMP,Faculty
J. Tam,Janelle Tam,CDM,Student
D. Shofler,David Shofler,CPM,Faculty
C. Liu,Chunming Liu,CO,Faculty
D. Lee,David Lee,COMP,Faculty
J. Lee,Jongmi Lee,COP,Faculty
D. J. Sanchez,David Jesse Sanchez,COP,Faculty
H. Singh,Hitasha Singh,COMP,Faculty
J. Huynh,Jasmine Huynh,COP,Student
W. Fang,William Fang,CDM,Student
E. A. Rega,Elizabeth A. Rega,COMP,Faculty
A. Lee,Alexander Lee,CDM,Faculty
C. Diaz,Cindy Diaz,CO,Student
E. Hoppe,Elizabeth Hoppe,CO,Faculty
I. Chung,Ida Chung,CO,Faculty
D. J. Cameron,D. Joshua Cameron,CO,Faculty
N. K. Yadav,Naveen Kumar Yadav,CO,Faculty
C. S. Boosani,Chandra Shekhar Boosani,COMP,Faculty
A. Pumerantz,Andrew Pumerantz,COMP,Faculty
J. Wang,Joe Wang,CDM,Faculty
S. Agrawal,Suneil Agrawal,COMP,Faculty
M. Nguyen,My Van Nguyen,COMP,Faculty
R. Kuan,Rebecca Kuan,COMP,Student
M. Liu,Michelle Liu,CHS,Student
S. M. Farahfranco,Sandra M Farah-Franco,CDM,Faculty
E. A. Andrews,Elizabeth Ann Andrews,CDM,Faculty
S. Rowan,Sean Rowan,CVM,Student
F. Dong,Fanglong Dong,GCBS,Faculty
E. Andrews,Elizabeth Andrews,CDM,Faculty
S. R. Shah,Samantha R. Shah,COMP,Faculty
Y. Wang,Yubin   Wang,CPM,Faculty
M. Baudry,Michel Baudry,GCBS,Faculty
H. Deoghare,Harshavardhan Deoghare,CHS,Faculty
C. C. White,Candice C.. White,CDM,Faculty
J. Tran,Jimmy Tran,CDM,Faculty
X. Bi,Xiaoning Bi,COMP,Faculty
M. Ly,Meisan Ly,CGN,Student
T. K. Boehm,Tobias K Boehm,CDM,Faculty
M. Yu,Minho Yu,COMP,Faculty
Q. Q. Li,Qingshun Quinn Li,GCBS,Faculty
D. Yang,David Yang,CO,Student
J. A. Elo,Jeffrey A Elo,CDM,Faculty
H. K. Chan,Hubert K. Chan,CDM,Faculty
B. S. Henson,Bradley S. Henson,CDM,Faculty
R. D. Stevenson,Robert D. Stevenson,CDM,Faculty
G. Pape,Gary Pape,CDM,Faculty
B. Benninger,Brion   Benninger,COMP,Faculty
A. Peterson,Amber Peterson,COMP,Student
T. Boehm,Tobias Boehm,CDM,Faculty
J. B. Lewis,Jack B. Lewis,CHS,Faculty
A. Tran,Andrew Tran,COP,Student
K. Vu,Katelyn Vu,COMP,Student
K. Lutfy,Kabirullah Lutfy,COP,Faculty
C. A. Nosrat,Christopher A Nosrat,CDM,Faculty
L. Oconnor,Lucian O'Connor,CDM,Faculty
A. E. D. Van,Anne E. Doan Van,CDM,Faculty
P. Simeteys,Paul Simeteys,CDM,Faculty
M. K. Watanabe,Marisa Kawata Watanabe,CDM,Faculty
E. Lee,Erin Lee,COP,Student
A. L. Lee,Alexander L Lee,CDM,Faculty
M. Covasa,Mihai Covasa,COMP,Faculty
J. M. Laudenbach,Joel M.. Laudenbach,CDM,Faculty
S. J. Aston,Sheree J. Aston,CO,Faculty
A. Lam,Annie Lam,COP,Student
K. Nguyen,Kelly Nguyen,COP,Student
B. Mcallister,Bennett McAllister,CO,Faculty
T. Harris,Tiffenie Harris,CO,Faculty
M. Neiberg,Maryke Neiberg,CO,Faculty
J. Lin,Jennifer Lin,COMP,Faculty
R. W. Hicks,Rodney W Hicks,CGN,Faculty
C. Li,Cameron Li,CVM,Student
M. Chan,Matthew Chan,COP,Student
A. D. Van,Anne E. Doan Van,CDM,Faculty
K. Hines,Kelli Hines,COMP,Faculty
B. P. Kraatz,Brian P Kraatz,COMP,Faculty
M. J. Wedel,Mathew J. Wedel,COMP,Faculty
D. Seleem,Dalia   Seleem,CDM,Faculty
A. Ha,Allyssa Ha,COMP,Student
S. Mirfarsi,Sahar   Mirfarsi,CDM,Faculty
K. Matsumuralem,Karen Matsumura-Lem,CDM,Faculty
S. A. Gold,Steven A Gold,CDM,Faculty
M. P. Fraix,Marcel P. Fraix,COMP,Faculty
A. Sathananthan,Airani Sathananthan,COMP,Faculty
J. K. Chan,James K. Chan,CHS,Faculty
V. Venketaraman,Vishwanath Venketaraman,COMP,Faculty
B. Diep,Bryant Diep,CVM,Student
B. Fung,Brent Fung,CDM,Faculty
B. Chui,Brian Chui,CDM,Faculty
C. A. Goode,Christina Ann. Goode,GCBS,Faculty
M. Gutierrez,Marco Gutierrez,CHS,Student
N. Mohseni,Nazleen Mohseni,CVM,Student
M. Chang,Megan Chang,COMP,Student
H. Burger,Hannah Burger,CVM,Student
M. Peters,Mykah Peters,CVM,Student
E. Chen,Eugene Chen,CO,Student
I. Kang,Ilho Kang,COMP,Faculty
Y. Xiong,Yijia Xiong,COMP,Faculty
S. Chatterjee,Sudarshan Chatterjee,COMP,Faculty
E. Moore,Emily Moore,CHS,Student
J. Borke,James   Borke,CDM,Faculty
R. Desai,Raina Desai,COMP,Student
A. S. Pumerantz,Andrew S Pumerantz,COMP,Faculty
J. T. Hostetler,Josih T. Hostetler,CDM,Faculty
K. Lee,Kara Lee,COP,Student
J. Tegzes,John   Tegzes,CVM,Faculty
E. Katsaros,Emmanuel Katsaros,COMP,Faculty
L. Liggan,Lindsey Liggan,CHS,Faculty
C. Pham,Christine Pham,CO,Faculty
S. Chui,Sam   Chui,CDM,Faculty
Y. Peng,Yawen Peng,CDM,Faculty
S. Y. Kang,Shirley Y. Kang,CDM,Faculty
Y. Hong,Yiling Hong,CVM,Faculty
L. Chang,Lee-Wen Chang,CVM,Student
Z. Tumur,Zohra Tumur,CHS,Student
C. Parsa,Cyrus Parsa,COMP,Faculty
R. P. Kandpal,Raj P. Kandpal,COMP,Faculty
S. Standley,Steve   Standley,GCBS,Faculty
Y. Luo,Yun(Lyna) Luo,COP,Faculty
W. Wang,Weijie Wang,COMP,Student
S. W. Friedrichsen,Steven W. Friedrichsen,CDM,Faculty
H. M. Singh,Hardev M.. Singh,CDM,Faculty
P. G. Davey,Pinakin G. Davey,CO,Faculty
F. Rodriguezparis,Fernando Rodriguez-Paris,CDM,Faculty
N. Venugopal,Nithya   Venugopal,CDM,Faculty
D. E. Miulli,Daniel E. Miulli,CHS,Faculty
T. S. Martinez,Timothy S Martinez,CDM,Faculty
A. Luong,Amanda Luong,CVM,Student
N. Ali,Najia Ali,COMP,Student
R. Shah,Rahul Shah,COMP,Student
J. Lewis,Jill Lewis,CDM,Faculty
R. Hasel,Robert Hasel,CDM,Faculty
J. Ywom,James Ywom,CDM,Faculty
M. Singh,Menmeet Singh,CDM,Faculty
L. Tong,Lane Tong,COMP,Student
P. Kaur,Prabhleen Kaur,COMP,Student
B. Le,Brian Le,CO,Student
E. Kahng,Eunice Kahng,CVM,Student
M. Mir,Mohammad Mir,CVM,Faculty
J. Huang,Jia Huang,COMP,Student
J. Lai,Jessica Lai,COMP,Student
C. Yang,Chiana Yang,COMP,Student
A. Espinosa,Alexia Espinosa,CGN,Student
K. R. Boyer,Keith R Boyer,CDM,Faculty
B. S. Chui,Brian S Chui,CDM,Faculty
V. L. Wedel,Vicki L. Wedel,COMP,Faculty
M. Lee,Michelle Lee,COP,Faculty
L. Zhong,Li Zhong,COMP,Faculty
C. Gomez,Christian Gomez,COMP,Student
D. A. Lazarchik,David A Lazarchik,CDM,Faculty
D. Patel,Dhrupalkumar Patel,COP,Student
S. Hosseini,Sareh Hosseini,CPM,Student
J. S. Park,Jin S. Park,COMP,Faculty
C. Lee,Christopher Lee,COP,Student
Q. T. Edwards,Quannetta T. Edwards,CGN,Faculty
G. Orozco,Gwendelyn   Orozco,CGN,Faculty
R. Hicks,Rodney Hicks,CGN,Faculty
L. R. Ponsford,Lisa R Ponsford,CGN,Faculty
Q. H. Nguyen,Quynh-Nhu H.. Nguyen,COP,Faculty
M. A. Weaver,Michelle A Weaver,CGN,Faculty
D. Lithgow,Diana Lithgow,CGN,Faculty
R. J. Mays,R. Juanita Mays,CGN,Faculty
I. C. Tuason,Ivy C Tuason,CGN,Faculty
R. Trudgeon,Ruth   Trudgeon,CGN,Faculty
D. Stone,Dawn Stone,CGN,Faculty
J. Boller,Jan Boller,CGN,Faculty
M. Lopez,Mary Lopez,CGN,Faculty
P. Mccluskeyandre,PattI McCluskey-Andre,CGN,Faculty
M. Miller,Mykel Miller,COMP,Student
Q. A. Le,Quang A Le,COP,Faculty
K. J. Dang,"Khoa ""Joey"". Dang",CGN,Faculty
J. Chung,Joseph Chung,CHS,Student
W. Le,William Le,CHS,Student
A. Melendez,Alondra Melendez,CHS,Student
K. Tanaka,Kimi Tanaka,COMP,Student
L. Yu,Linyi Yu,CVM,Student
X. Zhao,Xingyu Zhao,CDM,Student
N. Patel,Neel Patel,COMP,Faculty
D. Emanuele,Donna Emanuele,CGN,Faculty
D. Schilling,Denise Schilling,CHS,Faculty
M. Sanchez,Michelle Sanchez,COMP,Faculty
C. A. Jackevicius,Cynthia A. Jackevicius,COP,Faculty
M. Kumar,Manisha Kumar,COMP,Student
N. Khan,Nadir   Khan,COMP,Faculty
C. L. Crawford,Carol L. Crawford,COP,Faculty
N. Singh,Nicole Singh,CVM,Student
S. Chow,Sheryl Chow,COP,Faculty
W. M. Swanson,Wendi M Swanson,CGN,Faculty
M. Alatrash,Manal Alatrash,CGN,Faculty
B. Brownell,Beverly   Brownell,CGN,Faculty
M. Marinello,Michael Marinello,CGN,Student
J. Hernandez,Jennifer Hernandez,CVM,Student
T. Escobedo,Tina Escobedo,CGN,Faculty
L. Roberts,Laura Roberts,COMP,Student
A. V. Law,Anandi V. Law,COP,Faculty
D. M. Selkowitz,David M. Selkowitz,CHS,Faculty
M. M. Neeki,Michael M.. Neeki,COMP,Faculty
D. Wong,Donna Wong,COMP,Faculty
J. I. Kailes,June Isaacson. Kailes,CHS,Faculty
S. Stuckey,Sandra   Stuckey,CHS,Faculty
D. Berger,David Berger,COMP,Faculty
J. Zhang,Jingwen Zhang,CDM,Student
J. Yu,Jonathan Yu,CHS,Student
K. Roback,Karin Roback,CHS,Faculty
S. Feng,Stanley Feng,COMP,Student
T. Le,Tram Le,COP,Student
L. Podesta,Luga Podesta,COMP,Faculty
J. Kim,Joseph Kim,CHS,Faculty
T. Mosconi,Tony   Mosconi,CHS,Faculty
C. Chaney,Casey Chaney,CHS,Faculty
S. Kamath,Sylvia   Kamath,COMP,Faculty
D. Redmanbentley,Donna   Redman-Bentley,CHS,Faculty
D. C. Armstrong,Dayle C. Armstrong,CHS,Faculty
G. Swanson,Gretchen Swanson,CHS,Faculty
L. Carrothers,LeeAnn Carrothers,CHS,Faculty
M. Hudsonmckinney,Mary Hudson-McKinney,CHS,Faculty
J. Davis,Jeannie Davis,COMP,Faculty
G. Vlad,Georgeanne   Vlad,CHS,Faculty
G. M. Hirayama,Grant M Hirayama,CHS,Faculty
R. Wolfe,Rachael Wolfe,COMP,Student
A. Robinson,Amber Robinson,CGN,Student
J. Gordon,Joseph Gordon,COMP,Faculty
J. C. Wang,Jenny C. Wang,COMP,Faculty
R. L. Bravo,Rosana L Bravo,CHS,Faculty
T. Meyer,Tina Meyer,CHS,Faculty
M. Lundberg,Mika Lundberg,COMP,Student
L. K. Truong,Long K. Truong,CPM,Faculty
A. Wu,Anne Wu,CHS,Student
P. Evans,Paul Evans,COMP,Faculty
D. Tran,David Tran,CVM,Student
S. Yoon,Sonyeol Yoon,COMP,Student
T. J. Wood,Timothy J. Wood,CHS,Faculty
T. Morishita,Theresa Morishita,CVM,Faculty
Z. Ayyoub,Ziyad Ayyoub,COMP,Faculty
D. Sellen,David Sellen,COMP,Faculty
J. Shen,Jie Shen,CO,Faculty
F. Spors,Frank   Spors,CO,Faculty
L. Mcnaughton,Lance McNaughton,CO,Faculty
D. J. Egan,Donald J Egan,CO,Faculty
D. W. Ethell,Douglas W. Ethell,GCBS,Faculty
Y. Yang,Yikang Yang,COP,Student
S. Fuchs,Sebastein Fuchs,COMP,Faculty
C. Eng,Curtis Eng,CVM,Faculty
K. Walker,Kimberly Walker,CO,Faculty
K. Remickwaltman,Kristy Remick-Waltman,CO,Faculty
K. Tran,Khanh Tran,CO,Faculty
J. Vainshtein,Jacklyn Vainshtein,COMP,Student
A. Petrosyan,Aelita Petrosyan,COMP,Student
K. Inouye,Keiko Inouye,COMP,Student
C. L. Haine,Charles L. Haine,CO,Faculty
E. Castellanos,Efrain Castellanos,CO,Faculty
N. Jakirlic,Naida Jakirlic,CO,Faculty
P. Dobies,Paul Dobies,CO,Faculty
V. Tiwari,Vaibhav   Tiwari,COMP,Faculty
J. Liu,Jiawei Liu,CDM,Student
S. Khanal,Sanjaya Khanal,COMP,Faculty
J. Tassinari,John Tassinari,CO,Faculty
J. W. Yumori,Jasmine Wong Yumori,COMP,Faculty
J. Park,James Park,COMP,Faculty
D. Leung,Dennis Leung,CO,Faculty
S. Mackintosh,Susan MacKintosh,COMP,Faculty
J. D. Tassinari,John D Tassinari,CO,Faculty
J. Dalprat,Jose Dalprat,COMP,Faculty
C. Thompson,Carolyn Thompson,COMP,Faculty
M. A. Swairjo,Manal A Swairjo,GCBS,Faculty
A. Yu,Austin Yu,COMP,Faculty
A. Ngo,Andy Ngo,COMP,Student
D. Kurtz,Daniel Kurtz,CO,Faculty
L. Pang,Linda Pang,CO,Faculty
K. Mccaffrey,Kate McCaffrey,COMP,Faculty
J. Pham,Jenny Pham,CHS,Student
R. Dreibelbis,Robyn   Dreibelbis,COMP,Faculty
J. Chen,Joy Chen,COMP,Student
A. Chan,Angela Chan,CDM,Faculty
J. Y. Lee,Jung Yeon Lee,COMP,Student
L. L. Bellomy,Linda   Luong Bellomy,CO,Faculty
C. H. Chase,Christopher H. Chase,CO,Faculty
K. Napierdovorany,Kierstyn Napier-Dovorany,CO,Faculty
A. Vo,An   Vo,CO,Faculty
C. A. Chang,Caroline A.. Chang,CDM,Faculty
A. Perez,Alisal Perez,CGN,Student
S. Wong,Sharon Wong,COMP,Student
C. Duong,Cindy Duong,COMP,Student
A. Thakkar,Arvind Thakkar,COP,Faculty
S. Prabhu,Sunil Prabhu,COP,Faculty
Z. Chen,Zhengxi Chen,CDM,Faculty
D. K. Tsang,Dorcas K Tsang,CO,Faculty
K. Dang,Khoa Dang,CGN,Faculty
V. Q. Wren,Valerie Q. Wren,CO,Faculty
J. H. Tegzes,John H. Tegzes,CVM,Faculty
M. Mesisca,Mike Mesisca,COMP,Faculty
K. Hoffman,Keasha Hoffman,COMP,Faculty
R. J. Hruby,Raymond J. Hruby,COMP,Faculty
K. Lin,Kevin Lin,CVM,Student
J. Gray,Jeremy Gray,COMP,Student
J. Guan,Joann Guan,COMP,Student
G. D. Sharma,Guru D Sharma,CO,Faculty
Y. Huang,Ying Huang,COP,Faculty
Z. Wang,Zhijun(Kevin) Wang,COP,Faculty
J. Hao,Jijun Hao,CVM,Faculty
K. A. Jensen,Kristi A Jensen,CO,Faculty
N. A. Darmani,Nissar A. Darmani,COMP,Faculty
K. Mai,Kelvin Mai,COMP,Faculty
D. Adams,Deven Adams,CDM,Student
I. Glassman,Ira Glassman,COMP,Student
H. Szurmant,Hendrik Szurmant,COMP,Faculty
Y. Kim,Yoora Kim,CVM,Student
A. Chen,Audrey Chen,CO,Faculty
A. Nelson,Anita Nelson,COMP,Faculty
T. Pham,Timothy Pham,COP,Student
G. J. Stevens,Gloria J. Stevens,COMP,Faculty
D. Q. Pham,Diem Q.. Pham,COMP,Faculty
A. P. Ray,Andrew P Ray,CPM,Faculty
J. Ramirez,Juan Ramirez,COMP,Faculty
K. Irizarry,Kristopher   Irizarry,CVM,Faculty
K. Mitsouras,Katherine   Mitsouras,COMP,Faculty
D. Vu,Don Vu,COP,Faculty
T. Shah,Tariq Shah,COP,Faculty
M. L. Steinauer,Michelle L Steinauer,COMP,Faculty
M. Hata,Micah Hata,COP,Faculty
B. Saviola,Beatrice Saviola,COMP,Faculty
J. Felton,Jeffrey   Felton,COMP,Faculty
P. Kim,Peter Kim,CHS,Student
A. Mccague,Andrew McCague,CHS,Faculty
S. Li,Shannelle Li,COP,Student
K. Wong,Kali Wong,COP,Student
E. Martinez,Emma Martinez,CGN,Student
S. Nguyen,Sophie Nguyen,COP,Student
A. K. Mathur,Arvind K. Mathur,COMP,Faculty
H. Kolli,Hemchand Kolli,COMP,Faculty
T. Nguyen,Tuan Nguyen,COMP,Faculty
L. Perez,Lorraine Perez,CGN,Student
E. J. Wagner,Edward J. Wagner,COMP,Faculty
C. Trinh,Christina Trinh,COMP,Student
R. S. Brar,Rajivinder S. Brar,COMP,Faculty
K. Sasaninia,Kayvan Sasaninia,COMP,Student
A. Badaoui,Ali Badaoui,COMP,Student
L. Nabipur,Leena Nabipur,COMP,Student
M. Mouawad,Michael Mouawad,COMP,Student
N. Sinha,Nikhil Sinha,COMP,Student
B. K. P. Woo,Benjamin K. Woo,COMP,Faculty
A. Martin,Andria Martin,CVM,Student
N. Demarco,Nathaniel DeMarco,COMP,Student
P. Patel,Parth Patel,COMP,Student
A. Abdi,Arian Abdi,COMP,Student
P. Velpuri,Prathosh Velpuri,COMP,Student
E. E. Soltis,Edward E. Soltis,COP,Faculty
S. E. Lakhan,Shaheen E.. Lakhan,COMP,Faculty
T. Batan,Tom Batan,COMP,Student
R. Vaezazizi,Reza Vaezazizi,COMP,Faculty
Z. Hu,Zhongting   Hu,COMP,Faculty
E. Chang,Eric Chang,COMP,Student
M. Hodeib,Melissa Hodeib,COMP,Faculty
C. Galvin,Conor Galvin,COMP,Student
H. Sidhu,Harneet Sidhu,COMP,Student
S. Mahapatra,Shakti Mahapatra,COMP,Faculty
S. Dayal,Surbi Dayal,COMP,Student
R. Sabnis,Rutuja Sabnis,CDM,Student
K. Verma,Kushagra Verma,CHS,Faculty
B. Kraatz,Brain Kraatz,COMP,Faculty
F. Chaudhary,Fihr Chaudhary,COMP,Student
B. T. Andresen,Bradley Tram Andresen,COP,Faculty
G. E. Kisby,Glen E Kisby,COMP,Faculty
K. Penera,Keith Penera,CPM,Faculty
M. Wedel,Mathew Wedel,COMP,Faculty
J. Labovitz,Jonathan Labovitz,CPM,Faculty
J. T. Martin,James T. Martin,COMP,Faculty
D. H. Nguyen,Duc Hoai. Nguyen,COMP,Faculty
J. Hoffman,Janice Hoffman,COP,Faculty
G. S. Shankar,Gollapudi S. Shankar,COP,Faculty
A. Yeung,Alvin Yeung,COP,Student
T. C. Squier,Thomas C Squier,COMP,Faculty
R. N. Pechnick,Robert N Pechnick,COMP,Faculty
M. Lambros,Maria Lambros,COP,Faculty
K. Vo,Katherine Vo,CDM,Student
J. A. Schlechter,John A. Schlechter,CHS,Faculty
J. B. A. Enni,Jacqueline Anderson Enni,COMP,Student
J. Hu,Jin-Shan   Hu,COMP,Faculty
S. Kim,Stacy Kim,CGN,Student
L. Moskalensky,Liana Moskalensky,COMP,Student
S. Bagheri,Sasha Bagheri,CGN,Student
S. Reddy,Sanjay Reddy,COMP,Student
N. Du,Nikki Du,COP,Faculty
E. Schwartzman,Emmanuelle Schwartzman,COP,Faculty
D. I. Hsu,Donald I. Hsu,COP,Faculty
E. P. Chung,Eunice P. Chung,COP,Faculty
E. Guenther,Elizabeth Guenther,COMP,Faculty
O. J. Phung,Olivia J Phung,COP,Faculty
Y. Qiu,Yan Qiu,COP,Faculty
Y. Chang,Youngil Chang,COP,Faculty
J. Yang,Julie   Yang,CHS,Faculty
D. I. Min,David I. Min,COP,Faculty
X. Zhang,Xiao-Ling Zhang,COMP,Faculty
W. Chen,Winston Chen,CHS,Student
L. Pillarisetti,Lekha Pillarisetti,COMP,Student
K. Chen,Kevin Chen,COMP,Student
M. Booth,Michelle Booth,COMP,Student
M. Minasyan,Marine Minasyan,COMP,Student
N. Agarwal,Nina Agarwal,COMP,Faculty
A. Williams,Aliyah Williams,COMP,Student
S. Godil,Suha Godil,COMP,Student
L. Liu,Long Liu,COMP,Student
T. R. Borman,Timothy R. Borman,CHS,Faculty
C. Davenport,Conor Davenport,COMP,Student
D. Nguyen,Du Nguyen,CDM,Faculty
P. J. Wisniewski,Paul J. Wisniewski,CHS,Faculty
N. T. Do,Natalie T. Do,COMP,Faculty
M. Pletsch,Michaela Pletsch,COMP,Student
A. Chorbajian,Abraham Chorbajian,COMP,Student
D. Zitser,David Zitser,COMP,Student
J. Pan,Jeremy Pan,COMP,Student
T. Eskandar,Tony Eskandar,COMP,Student
Z. Ahmed,Zubair Ahmed,COMP,Student
T. K. Nalley,Thierra K. Nalley,COMP,Faculty
V. Wedel,Vicki Wedel,COMP,Faculty
B. W. Berman,Blake W. Berman,CHS,Faculty
J. Siddiqi,Javed Siddiqi,CHS,Faculty
A. Mehta,Arvind Mehta,COMP,Faculty
A. Morales,Alexis Morales,CDM,Student
A. Katheria,Anup Katheria,COMP,Faculty
S. E. Mackintosh,Susan E Mackintosh,COMP,Faculty
J. Cao,Judy Cao,CO,Faculty
T. Huynh,Tri Huynh,COP,Student
V. Valdez,Vera Valdez,COMP,Faculty
A. S. Lee,Alexander S. Lee,COMP,Faculty
A. Jonson,Alexander Jonson,COMP,Student
K. Hare,Kevin Hare,COMP,Student
M. Forgie,Megan Forgie,COMP,Student
M. Riedel,Michelle Riedel,COMP,Student
L. Wang,LeeAnn Wang,COMP,Student
S. Nouri,Sarvenaz Nouri,CHS,Faculty
F. B. Dada,Festus B. Dada,CHS,Faculty
E. Fricano,Ellen   Fricano,COMP,Faculty
J. Green,Jennifer Green,COMP,Faculty
J. Ho,Justin Ho,COP,Student
J. M. Cox,Jeremy M. Cox,COMP,Faculty
K. Palepu,Kathyayini Palepu,COMP,Student
G. Ung,Gwendolyn Ung,COMP,Student
A. Diaz,Alondra Diaz,CVM,Student
A. Alamshaw,Anjali Alamshaw,COMP,Student
L. Zadoorian,Lori Zadoorian,COMP,Student
M. Green,Makenna Green,CHS,Student
M. Burney,Michael   Burney,CHS,Faculty
S. Kumar,Sandeep Kumar,CHS,Faculty
M. Chakerian,Meg Chakerian,COMP,Student
M. Valdez,Maria Valdez,CHS,Student
A. Heidari,Arash Heidari,COMP,Faculty
X. Liu,Xiangrong Liu,COMP,Student
B. S. Bengtsson,Bengt-Ola S. Bengtsson,COMP,Faculty
J. P. V. Houten,John P. van Houten,COMP,Faculty
A. Wong,Ashley Wong,COP,Student
A. Desai,Avani Desai,CVM,Student
O. R. Hariri,Omid R.. Hariri,CHS,Faculty
K. N. Smart,Kyle N. Smart,COMP,Faculty
S. Y. Lin,Sam Y. Lin,COMP,Faculty
M. A. Seffinger,Michael A. Seffinger,COMP,Faculty
L. Gonzalez,Luna Gonzalez,CDM,Student
J. Ly,Judy Ly,CHS,Student
A. Martinez,Antonio Martinez,COP,Student
B. Gonzalez,Bulmario Gonzalez,CDM,Faculty
J. Chan,Justin Chan,COMP,Student
M. Peterfy,Miklo Peterfy,COMP,Faculty
M. S. Altikriti,Mohammed S. Al-Tikriti,CO,Faculty
J. Johnson,James Johnson,COMP,Faculty
H. Tran,Huoglan Tran,CDM,Faculty
P. Thin,Pan Thin,COMP,Student
J. W. Yang,Jae Wook Yang,COP,Faculty
M. Rossi,Milena Rossi,CO,Student
A. K. Agarwal,Ashok K. Agarwal,COMP,Faculty
S. M. Lee,Steven M. Lee,COMP,Faculty
J. A. Thompson,Jonathan A. Thompson,CPM,Faculty
S. Bhatia,Sundeep Bhatia,CPM,Faculty
Z. Li,Zhongqi Li,COP,Student
J. J. Bradstreet,James J. Bradstreet,COMP,Faculty
L. C. Castro,Lony C. Castro,COMP,Faculty
M. Othman,Maryam Othman,COMP,Faculty
K. Trivedi,Kovid Trivedi,COMP,Faculty
J. E. Scott,Jeremiah E Scott,COMP,Faculty
L. Arsenault,Luke Arsenault,COMP,Student
J. Petrucci,John Petrucci,COMP,Student
H. Nguyen,Hong Nguyen,COP,Faculty
M. Rahman,Maisara Rahman,COMP,Faculty
D. A. Connett,David A Connett,COMP,Faculty
M. R. Wacker,Margaret R. Wacker,CHS,Faculty
A. Calcote,Ashleigh Calcote,COMP,Student
C. Ng,Clement Ng,COMP,Student
J. Shaw,Jane   Shaw,CVM,Faculty
M. A. Khan,M-Shahid Atique. Khan,COMP,Faculty
J. Atterholt,Jessie   Atterholt,GCBS,Faculty
C. L. Ma,Cherry L. MA,CDM,Faculty
M. Patel,Mira Patel,COMP,Student
B. K. Woo,Benjamin K. Woo,COMP,Faculty
P. Mcconnell,Patrick McConnell,COMP,Student
C. Griffin,Craig Griffin,CVM,Faculty
C. Mans,Cecelia Mans,COMP,Student
D. L. Miller,Debbie L. Miller,COMP,Faculty
N. Newman,Nezam Newman,CHS,Student
K. Jones,Kevin Jones,COP,Student
A. Sheikh,Anique Sheikh,COP,Student
D. Pham,Diana Pham,CO,Student
B. Saber,Bahram Saber,COMP,Student
D. Bridger,Daniel Bridger,COMP,Student
N. Kaul,Neerja Kaul,COMP,Faculty
M. Weiss,Michael Weiss,COMP,Faculty
T. Liu,Tane Liu,COMP,Faculty
T. Tran,Thi Tran,COP,Student
R. Uyemura,Russell Uyemura,COMP,Student
S. H. Barag,Steven H.. Barag,COMP,Faculty
K. L. Williams,Kenneth Lloyd. Williams,COMP,Faculty
T. Vu,Thao Vu,COMP,Student
C. A. Alcantara,Cheldon Ann Alcantara,COMP,Student
A. Mundra,Akshay Mundra,COMP,Student
A. Mukundan,Abinanda Mukundan,COMP,Student
B. Urness,Bianca Urness,COMP,Student
R. Sakaki,Roajhaan Sakaki,COMP,Student
T. Chowdhury,Tanzila Chowdhury,COMP,Student
J. M. Finley,J. Michael Finley,COMP,Faculty
E. Bae,Esther Bae,COMP,Faculty
A. Liu,Andy Liu,COP,Student
S. Montgomery,Samuel Montgomery,COMP,Student
Y. Fernandezsweeny,Yadi Fernandez-Sweeny,COMP,Faculty
E. Austin,Erik Austin,COMP,Faculty
J. Moreno,Jennifer Moreno,COMP,Student
B. T. Nguyen,Bang T. Nguyen,COMP,Faculty
S. A. Obarr,Stephen A. O'Barr,COP,Faculty
J. E. Mata,John E. Mata,COMP,Faculty
R. A. Graf,Robert A. Graf,COP,Faculty
J. Sandhu,Jonah Sandhu,CPM,Student
W. Merbs,William Merbs,COMP,Faculty
C. Chen,Chung-Kwang Chen,COMP,Faculty
R. Radhakrishnan,Rajan   Radhakrishnan,COP,Faculty
L. Ettefagh,Leila Ettefagh,COMP,Faculty
N. Nami,Navid Nami,COMP,Faculty
G. Shanmuganathan,Gaithrri Shanmuganathan,COMP,Student
P. Oelschlaeger,Peter Oelschlaeger,COP,Faculty
S. Singh,Sunjum Singh,COMP,Student
A. Yang,Alison Yang,CPM,Student
V. Zhong,Vivian Zhong,COMP,Student
M. Issar,Manish   Issar,COMP,Faculty
B. L. Tiep,Brian L. Tiep,COMP,Faculty
M. Zalin,Michael Zalin,COMP,Student
D. Oh,Donna Oh,COMP,Student
P. Wang,Phoebe Wang,COMP,Student
R. Lee,Raymond Lee,COP,Faculty
A. Chang,Adrian Chang,CO,Student
B. Andresen,Bradley Andresen,COP,Faculty
Y. Salama,Youstina Salama,CPM,Student
R. A. Robinson,R Ashley Robinson,CVM,Faculty
H. Anwar,Hamsat Anwar,COMP,Student
A. Pardi,Andrew Pardi,COMP,Student
K. Andrews,Katherine Andrews,COMP,Student
C. Broniak,Christine Broniak,COMP,Student
E. Sperling,Edie   Sperling,COMP,Faculty
T. Ding,Tiffany Ding,COMP,Student
J. Dawi,John Dawi,COMP,Student
Y. Misakyan,Yura Misakyan,COMP,Student
S. Kades,Samuel Kades,COMP,Student
S. Asim,Syed Asim,COMP,Student
S. Olia,Sumaiya Olia,COMP,Student
A. Abdou,Alexander Abdou,COMP,Student
A. Hill,Ashley Hill,CO,Student
S. Tang,Sofia Tang,CDM,Student
D. D. Nguyen,Duy D.. Nguyen,CHS,Faculty
S. Lee,Samuel Lee,COMP,Faculty
J. U. Blumer,Janice U. Blumer,COMP,Faculty
J. Nguyen,Jessica Nguyen,COP,Student
D. Ross,Dan Ross,COP,Faculty
T. Hoang,Tuan Hoang,COMP,Faculty
M. Safaoui,Marian Safaoui,COMP,Faculty
N. Nevins,Natalie Nevins,COMP,Faculty
S. Thompson,Seana Thompson,COMP,Student
D. J. Dowling,Dennis J. Dowling,COMP,Faculty
M. G. Bartlett,Mark G. Bartlett,COMP,Faculty
R. Hall,Roger Hall,COMP,Faculty
E. Ho,Eugene Ho,COMP,Faculty
J. Choi,Jaewoong Choi,CDM,Faculty
E. Goering,Edward Goering,COMP,Faculty
M. Smith,Mary Smith,COMP,Student
S. Kammerzell,Samuel Kammerzell,COMP,Faculty
S. Davis,Samantha Davis,COMP,Student
M. Zhang,Michelle Zhang,COMP,Student
M. Lin,Michelle Lin,COMP,Student
G. Pitcher,Graysen Pitcher,COMP,Student
K. Bhalodia,Krishna Bhalodia,COMP,Student
C. Vaughn,Charles Vaughn,COMP,Student
J. Villegas,James Villegas,COP,Student
B. Lee,Byrne Lee,CHS,Faculty
T. W. Pennington,Troy W.. Pennington,COMP,Faculty
K. Schulzcostello,Katherine Schulz-Costello,CHS,Faculty
D. D. Pearce,Daniel D Pearce,COMP,Faculty
M. Malecki,Marek   Malecki,COMP,Faculty
H. Musharbash,Helen Musharbash,COMP,Faculty
S. Helf,Scott Helf,COMP,Faculty
D. Shettko,Donna   Shettko,CVM,Faculty
R. Chang,Rianne Chang,COP,Student
S. Seng,Sakona Seng,COMP,Faculty
S. Tian,Sharon Tian,COMP,Student
W. Lee,Wynne Lee,COMP,Student
V. La,Vy La,COMP,Student
N. Oo,Nicholas Oo,COMP,Student
M. J. Kelly,Michael J. Kelly,COMP,Faculty
C. Nguyen,Christine Nguyen,COP,Student
Z. Musherraf,Zuhra   Musherraf,COMP,Faculty
A. Ayvazian,Arbi Ayvazian,COMP,Faculty
C. Yamaguchi,Craig Yamaguchi,COMP,Student
A. H. Caceres,Andres Harris Caceres,COMP,Student
A. Lataille,Andrew Lataille,COMP,Student
I. M. Mirani,Idrees Mohammed Mirani,COMP,Student
J. Cook,Joshua Cook,CHS,Student
A. Nouvong,Aksone Nouvong,CPM,Faculty
S. J. Clark,Susan Jeanine. Clark,COMP,Faculty
J. Brown,Joachim Brown,COMP,Faculty
J. Han,Jonathan Han,CO,Student
A. Patel,Anjana Patel,COP,Faculty
S. Brown,Sarah Brown,COMP,Student
A. Bjarvin,Anna Bjarvin,COMP,Student
E. P. Junkins,Edward P. Junkins,COMP,Faculty
D. K. Jayasekara,Deepthi K. Jayasekara,COMP,Faculty
S. Fardeheb,Sabrina Fardeheb,COMP,Student
A. Kiriaki,Anthony Kiriaki,COMP,Student
B. Norris,Brandon Norris,COMP,Student
K. Diehl,Kyra Diehl,COMP,Student
K. Hajjar,Karim Hajjar,COMP,Student
J. Ng,Jamie Ng,CHS,Student
N. Wais,Nejma Wais,COMP,Student
I. Yu,Ivin Yu,COMP,Student
N. Panchal,Niyati Panchal,COMP,Student
T. Vance,Taylor Vance,CVM,Student
E. Barnes,Edwards Barnes,COMP,Faculty
P. Kishore,Priya Kishore,COMP,Student
L. Garrison,Lauren Garrison,COMP,Student
T. Mooney,Tanner Mooney,COMP,Student
K. Lucara,Kendall Lucara,COMP,Student
C. T. Gillis,Craig T. Gillis,CHS,Faculty
C. I. Doescher,Christian Ihenacho Doescher,COMP,Student
R. Avila,Ricky Avila,CGN,Student
G. Singh,Gurkaranjot Singh,COMP,Student
T. Govind,Tushara Govind,COMP,Student
A. Shafi,Amal Shafi,COMP,Student
R. Chawla,Rohan Chawla,COMP,Student
N. Enayati,Nobel Enayati,COMP,Student
S. Kohandani,Sara Kohandani,COMP,Student
V. Ugalde,Viviane Ugalde,COMP,Faculty
J. Li,Joshua Li,CHS,Student
D. A. Tran,Doug Dung Anh. Tran,CHS,Faculty
T. Nalley,Thierra Nalley,COMP,Faculty
P. Nguyen,Phuong Nguyen,COP,Faculty
J. Young,Jordan Young,COMP,Student
R. C. Gupta,Rakesh C. Gupta,COMP,Faculty
S. L. Chow,Sheryl L Chow,COP,Faculty
F. T. Khasawneh,Fadi T Khasawneh,COP,Faculty
R. Mehta,Rucha   Mehta,COMP,Faculty
A. Karapetyan,Arshavir Karapetyan,COMP,Student
T. Erdos,Thomas Erdos,COMP,Student
M. Masuda,Mika Masuda,COMP,Student
Y. C. Chen,Cher Yao. Chen Chen,COMP,Faculty
M. Kachani,Malika Kachani,CVM,Faculty
G. S. Bales,Gerald S. Bales,COMP,Faculty
A. Lin,Andy Lin,COMP,Student
J. D. Scott,James D. Scott,COP,Faculty
A. Steen,Aimee Steen,COMP,Student
S. Khan,Sara Khan,CHS,Student
A. Gan,Anthony Gan,COMP,Faculty
M. Marquez,Mitchell Marquez,CHS,Student
M. Altikriti,Mohammed Al-Tikriti,COMP,Faculty
M. Altarac,Maja   Altarac,COP,Faculty
R. Le,Rosalin Le,CDM,Student
K. Morris,Kelsey Morris,COMP,Student
A. Vu,Alyssa Vu,CVM,Student
S. Yeganyan,Stephanie Yeganyan,COMP,Student
A. Shin,Andrew Shin,COMP,Student
M. Hudson,Mandilin   Hudson,COMP,Faculty
T. A. Haffey,Thomas A.. Haffey,COMP,Faculty
A. Xiao,Andy Xiao,COMP,Student
R. Thomas,Riley Thomas,CPM,Student
H. Samara,Hanien Samara,COMP,Student
J. Tai,Jenny Tai,CO,Student
W. J. Cairney,William J.. Cairney,COMP,Faculty
A. Cruz,Ariana Cruz,CVM,Student
A. Gargaloyan,Areg Gargaloyan,COMP,Student
K. Shapiro,Karen   Shapiro,COP,Faculty
J. Le,Julie Le,COP,Student
M. Okamoto,Mark   Okamoto,COP,Faculty
S. Zaidi,Sukaina Zaidi,CO,Student
S. Holtzman,Stone Holtzman,COMP,Student
N. Shah,Nikita Shah,COMP,Student
J. An,JaeJin An,COP,Faculty
K. H. Lee,Kang H. Lee,COMP,Faculty
P. Finneran,Phoebe Finneran,COMP,Student
M. Wong,Marla Wong,CDM,Student
S. Silacci,Sophia Silacci,CGN,Student
D. Javier,Denesse Javier,COP,Student
J. Chang,Justin Chang,COMP,Student
S. Chang,Stacy Chang,CGN,Student
P. L. Schmidt,Peggy Lynn Schmidt,CVM,Faculty
M. A. Fahie,Maria A. Fahie,CVM,Faculty
A. D. Cundari,Alan D. Cundari,COMP,Faculty
U. M. Benzur,Uri M. Ben-Zur,COMP,Faculty
H. Le,Huyen Le,COP,Student
I. Tweedt,Isobel Tweedt,COMP,Student
J. Leo,Jonathan   Leo,COMP,Faculty
E. Rostomian,Edgmin Rostomian,COMP,Student
K. Ghookas,Kevin Ghookas,COMP,Student
A. Postajian,Alexander Postajian,COMP,Student
K. B. Vartanian,Kevin Babakhan Vartanian,COMP,Student
V. Hatamian,Vedi Hatamian,COMP,Student
P. Gupta,Pooja Gupta,COMP,Faculty
M. Haddad,Mark Haddad,COP,Faculty
V. Nguyen,Vivian Nguyen,CO,Student
Q. Pham,Quang Pham,COMP,Student
J. Jun,Jeany   Jun,COP,Faculty
J. Smith,Jacob Smith,CO,Student
A. Young,Amelie Young,COMP,Student
K. Patel,Karissa Patel,COMP,Student
M. Swairjo,Manal Swairjo,GCBS,Faculty
B. Ghosh,Bharati Ghosh,COMP,Faculty
A. B. Muhammad,Abdul Bari Muhammad,GCBS,Faculty
S. H. Hong,Sung Ho Hong,COMP,Student
C. Fung,Cameron Fung,COMP,Student
D. Teramoto,Darren Teramoto,COMP,Student
S. J. Sweet,Stephan J. Sweet,CHS,Faculty
P. T. Nguyen,Phu Thien. Nguyen,COMP,Faculty
N. Nguyen,Nam Nguyen,CGN,Student
M. Raad,Michele Raad,CO,Student
W. Jones,Walter Jones,CHS,Faculty
R. J. Sarma,Radha J. Sarma,COMP,Faculty
K. Lam,Kelly Lam,COMP,Student
J. Patel,Jasmine Patel,COP,Student
K. Zakery,Katreen Zakery,CDM,Student
G. V. Betageri,Gurupadappa V. Betageri,GCBS,Faculty
J. M. Peralta,Jose M Peralta,CVM,Faculty
D. Anand,Deepak Anand,COP,Faculty
J. Guo,Jin Guo,COMP,Faculty
F. Liu,Frank Liu,CDM,Faculty
J. H. Kim,Jeong H.. Kim,COMP,Faculty
A. Kumar,Amisha Kumar,COMP,Student
S. Park,Somin Park,COP,Student
A. Singh,Ananjit Singh,COMP,Faculty
J. Singh,Johnpaul Singh,COMP,Faculty
G. Wang,Geena Wang,COMP,Student
M. T. Nguyen,Minh Thu Nguyen,CPM,Student
A. Lian,Andrew Lian,COMP,Student
G. Kim,Gemma Kim,COMP,Faculty
M. Huang,Min-Ning Huang,COMP,Faculty
P. Tran,Phat Tran,COMP,Student
B. Malcolm,Benjamin   Malcolm,COP,Faculty
T. Masrizada,Tariq Masri-zada,COMP,Student
M. Banymohammed,Mo'men Bany-Mohammed,COMP,Student
P. K. Shitabata,Paul K. Shitabata,COMP,Faculty
R. B. Ellis,Robert B. Ellis,COMP,Faculty
E. Chow,Erica Chow,COMP,Student
J. Dang,Jenny Dang,COP,Faculty
C. Tong,Cindy Tong,COMP,Student
M. H. Kay,Martin H. Kay,COMP,Faculty
R. Patel,Ravi Patel,CDM,Faculty
R. A. Mirande,Raul A.. Mirande,CHS,Faculty
G. Young,Garrett Young,CHS,Student
G. Hernandez,Guillermo Hernandez,COMP,Faculty
A. Kim,Arthur Kim,COMP,Student
C. Prasad,Chaya Prasad,COMP,Faculty
T. N. Hoang,Tuan N. Hoang,CHS,Faculty
M. Chen,Monica Chen,CGN,Student
S. Rice,Samuel Rice,COMP,Student
C. Goode,Christina Goode,GCBS,Faculty
C. Talbot,Colleen   Talbot,COMP,Faculty
M. C. K. Leung,Cherish K. Leung,CDM,Faculty
N. A. Nevins,Natalie A Nevins,COMP,Faculty
T. Thompson,Tessa Thompson,CGN,Student
H. Do,Huong Do,COMP,Student
B. Oakley,Brian Oakley,CVM,Faculty
V. Keidel,Vivien Keidel,CO,Student
D. Pon,Doreen   Pon,COP,Faculty
M. S. Chow,Moses S.S. Chow,COP,Faculty
G. Kaur,Gagandeep Kaur,CVM,Faculty
P. Rodriguezcollazo,Pedro   Rodriguez-Collazo,COMP,Faculty
G. M. Gugelchuk,Gary M. Gugelchuk,CHS,Faculty
T. Wang,Tony Wang,COMP,Faculty
A. Baskys,Andrius Baskys,COMP,Faculty
M. Gonzales,Michelle Gonzales,CGN,Student
K. Hosseinian,Kiana Hosseinian,COMP,Student
A. Gerami,Amir Gerami,COMP,Student
M. Bral,Melody Bral,COMP,Student
A. Jones,Alisia Jones,CGN,Student
T. A. Merritt,Thurman A. Merritt,COMP,Faculty
R. White,Rachel White,CHS,Student
S. A. Williams,Stephen A. Williams,COMP,Faculty
R. Li,Roger Li,COMP,Student
J. Yasmer,John Yasmer,COMP,Faculty
N. Said,Noor Said,COMP,Student
A. Mikami,Anna Mikami,COMP,Student
O. Barazani,Osnat Barazani,COMP,Student
J. Shin,Joseph Shin,COMP,Student
S. Muchmore,Skyler Muchmore,COMP,Student
R. D. Clark,Robin Dawn. Clark,COMP,Faculty
B. Garcia,Briana Garcia,CGN,Student
B. Patel,Bhakti Patel,COP,Student
D. Chen,Desiree Chen,CGN,Student
A. T. Ho,Andrew T.. Ho,COMP,Faculty
A. Thompson,Auvianna Thompson,CGN,Student
V. Tyagi,Vivaik Tyagi,COMP,Faculty
B. Flaig,Brandon Flaig,COMP,Student
H. Smodlaka,Hrvoje Smodlaka,CVM,Faculty
W. A. Khamas,Wael A. Khamas,CVM,Faculty
M. Desai,Monica Desai,COMP,Student
C. Chow,Claire Chow,CGN,Student
A. Modesette,Allison Modesette,COMP,Student
D. Redding,David   Redding,COMP,Faculty
B. Nguyen,Britney Nguyen,COP,Student
R. A. Subach,Ruth Ann Subach,COP,Faculty
L. Tang,Linh Tang,CO,Student
A. Copeland,Aden Copeland,COMP,Student
C. Swason,Carisa Swason,COMP,Student
N. Lin,Nicole Lin,COMP,Student
D. Roosan,Don   Roosan,COP,Faculty
M. Tran,Michelle Tran,COP,Student
D. Choi,Daniel Choi,COMP,Student
C. E. Adams,Clinton E Adams,COMP,Faculty
E. L. Hurwitz,Eric L. Hurwitz,COMP,Faculty
W. Wu,Wuu-Shyong Wu,COMP,Faculty
S. Cross,Sydney Cross,COMP,Student
N. Pham,Nguyen-Phuong Pham,COMP,Faculty
N. Dao,Nancy Dao,COP,Faculty
A. Narasimhan,Ananya Narasimhan,COMP,Student
F. Hajjar,Fouad Hajjar,COMP,Student
M. Besser,Max Besser,COMP,Student
K. Tumanyan,Kevin Tumanyan,CPM,Student
A. Shadfar,Arash Shadfar,COMP,Faculty
J. Hakimian,Joshua Hakimian,COMP,Student
I. Mejia,Isaac Mejia,CVM,Student
A. Campbell,Arezoo Campbell,COP,Faculty
J. Giess,Jane Giess,COMP,Student
S. Sekhon,Seerat Sekhon,COMP,Student
A. Thai,An Thai,COMP,Student
B. Han,Blake Han,COMP,Student
S. Zhao,Sarah Zhao,CVM,Student
V. Yu,Vivian Yu,COMP,Student
A. Ahmed,Aisha Ahmed,CPM,Faculty
J. Sanders,Johnnie Sanders,CVM,Student
M. S. S. Chow,Moses S.S. Chow,COP,Faculty
S. White,Stephanie White,COMP,Faculty
L. Nguyen,Linda Nguyen,CO,Faculty
J. Tsai,Jeffery Tsai,CPM,Faculty
B. Yu,BoaFa Yu,GCBS,Faculty
V. Quan,Valerie   Quan,CO,Faculty
P. Yang,Peilong Yang,CVM,Student
R. L. Wilson,Rochelle L. Wilson,COMP,Faculty
M. C. Emmert,Michelle C. Emmert,COMP,Faculty
H. Yang,Haoshu Yang,COP,Faculty
I. Navasardyan,Inesa Navasardyan,COMP,Student
A. Nguyen,Andrea Nguyen,COP,Student
D. J. Lee,Dustin J. Lee,CHS,Faculty
W. Li,Weiguo Li,COMP,Faculty
T. Cao,Tin Cao,CDM,Student
H. Kim,Hahnslang Kim,CHS,Student
P. Chan,Patrick Chan,COP,Faculty
J. E. M. Charles,Elizabeth M. Charles,CVM,Faculty
M. E. Comunale,Mark E. Comunale,COMP,Faculty
L. Orsillo,Lauryn Orsillo,COMP,Student
N. Venkatesan,Natarajan Venkatesan,GCBS,Faculty
S. Jain,Sarkia Jain,CHS,Faculty
G. Han,Grace Han,CO,Student
A. Aabedi,Andre Aabedi,COMP,Student
V. Wang,Vera Wang,COMP,Student
N. Rouse,Nicole Rouse,COMP,Faculty
N. Quillatupa,Norka Quillatupa,COMP,Faculty
N. Lytton,Nathan Lytton,COMP,Student
T. Nandhagopal,Thiagarajan Nandhagopal,COMP,Faculty
R. C. Liu,Rex Chunlin. Liu,COMP,Faculty
J. Trapp,Joshua Trapp,COMP,Student
S. Au,Stefanie Au,COMP,Student
M. A. Taqi,Muhammad A. Taqi,COMP,Faculty
K. Wang,Kelly Wang,COMP,Student
T. Bui,Tiffany Bui,COP,Student
N. Zhang,Nina Zhang,COMP,Student
B. Liu,Bryan Liu,CDM,Student
C. J. Prasad,Chaya J Prasad,COMP,Faculty
R. A. Orlando,Robert A. Orlando,COMP,Faculty
P. Shah,Pooja Shah,CO,Student
N. Do,Nathan Do,COMP,Student
S. Jacob,Susan   Jacob,COP,Faculty
C. Tsui,Crystal Tsui,COMP,Student
P. Ahn,Phillip Ahn,COMP,Student
D. Parvizi,David Parvizi,COMP,Student
R. Sahafi,Ramtin Sahafi,COMP,Student
T. Pisarski,Timothy Pisarski,COMP,Student
S. Kandikattu,Sugeeth Kandikattu,COMP,Student
M. Aavula,Manas Aavula,COMP,Student
A. Hong,Adia Hong,COP,Student
K. J. L. Irizarry,Kristopher J. Irizarry,CVM,Faculty
K. Kafaja,Kevin Kafaja,COMP,Student
M. Mirhosseini,Mercedeh Mirhosseini,COMP,Student
A. Pathak,Angelie Pathak,COMP,Student
C. Shea,Christina Shea,COMP,Student
P. Vaghashia,Payal Vaghashia,COMP,Student
H. Sadeghi,Habib Sadeghi,COMP,Faculty
A. Yazdani,Armand Yazdani,COMP,Student
P. Sripathi,Pallavi Sripathi,COMP,Student
J. Hamilton,Jennifer Hamilton,COMP,Faculty
S. Bradley,Suzanne Bradley,CGN,Student
W. Yu,Wesley Yu,COMP,Student
S. Kaur,Sumeet Kaur,CDM,Faculty
E. Kim,Edwin Kim,CHS,Faculty
M. M. Salehpour,Michael M. Salehpour,CHS,Faculty
K. K. Jenson,Kraig K. Jenson,COMP,Faculty
J. Jordan,Jillian Jordan,COMP,Student
O. Wisco,Oliver Wisco,COMP,Faculty
G. Bales,Gerald   Bales,COMP,Faculty
V. Tran,Vicki Tran,CGN,Student
T. L. Nguyen,Thi L. Nguyen,COP,Faculty
V. Davis,Vivian Davis,COMP,Faculty
A. Saini,Arvind Saini,CHS,Faculty
C. Shortt,Connor Shortt,COMP,Student
R. Morgan,Ryan Morgan,COMP,Student
G. E. Johnson,Gordon E. Johnson,COMP,Faculty
S. E. Kessler,Stephen E. Kessler,COMP,Faculty
S. Bokhari,Sara Bokhari,COMP,Student
F. Yang,Fue Yang,CDM,Faculty
D. L. Sellen,David L Sellen,CHS,Faculty
C. Lam,Carol Lam,CGN,Student
A. Khan,Affan Khan,COP,Student
N. Manavi,Nima Manavi,COMP,Student
R. A. Sugerman,Richard A. Sugerman,COMP,Faculty
A. Nazarian,Arbi Nazarian,COP,Faculty
J. Trotter,Jacob Trotter,CPM,Student
H. Davila,Heidi   Davila,CDM,Faculty
B. Jimenez,Belinda Jimenez,CPM,Student
J. Sandoval,Jennifer Sandoval,CGN,Student
A. Ma,Ashley Ma,COP,Student
P. S. Sethi,Prabhdeep S.. Sethi,COMP,Faculty
R. G. Pai,Ramdas G. Pai,COMP,Faculty
S. K. Wong,Stanley K. Wong,COP,Faculty
S. Natarajan,Sahana Natarajan,COMP,Student
D. Connett,David Connett,COMP,Faculty
S. Lu,Sabrina Lu,COMP,Student
J. Lien,Justin Lien,COMP,Student
Z. Chaudhry,Zuhair Chaudhry,COMP,Student
A. Boyadzhyan,Anik Boyadzhyan,COMP,Student
D. Kutcher,Drew Kutcher,COMP,Student
R. Lally,Rajeshwar Lally,COMP,Student
M. Seo,Michael Seo,COMP,Student
H. Shen,Huiying Shen,COMP,Faculty
S. Shimomura,Sam   Shimomura,COP,Faculty
B. Li,Baoying Li,COP,Student
Q. H. T. Nguyen,Huy T. Nguyen,CHS,Faculty
M. Cantu,Monique Cantu,COMP,Student
K. Price,Kenna Price,COMP,Student
T. Dao,Tiffany Dao,COMP,Student
T. J. Yu,Tai Jung Yu,COMP,Student
W. H. Tettelbach,William H. Tettelbach,CPM,Faculty
L. C. Rogers,Lee C. Rogers,CPM,Faculty
L. B. Harkless,Lawrence B. Harkless,CPM,Faculty
D. G. Armstrong,David G. Armstrong,CPM,Faculty
L. Alexander,Logan Alexander,COMP,Student
K. Hafferty,Kiana Hafferty,COMP,Student
A. Hsieh,Andrew Hsieh,COP,Student
K. Lopez,Katherine Lopez,CHS,Student
J. Jimenez,Jaqueline Jimenez,CGN,Student
R. Garza,Rachel Garza,COMP,Student
M. Gentry,Michael Gentry,COMP,Faculty
S. Liu,Stephanie Liu,CPM,Faculty
N. Holden,Natasha Holden,COMP,Student
L. Muscato,Louise Muscato,COMP,Faculty
G. R. Thrush,Gerald Russell Thrush,COMP,Faculty
A. S. Mowlavi,Arian S. Mowlavi,CHS,Faculty
T. L. Chamberlain,Tiffany L. Chamberlain,COMP,Faculty
A. D. Desai,Alpesh D. Desai,COMP,Faculty
J. G. Persichino,John G. Persichino,COMP,Faculty
A. Gordon,Alicia Gordon,CDM,Student
A. Chew,Amy   Chew,COMP,Faculty
C. Huang,Crystal Huang,COMP,Student
S. Balamurugan,Sunil Balamurugan,COMP,Student
K. Panganiban,Kurt Panganiban,COMP,Student
M. Lehrack,Matthew Lehrack,COMP,Student
A. P. Nguyen,An Phong Nguyen,COMP,Student
H. Pham,Hieu Pham,CHS,Student
G. Lo,Geoffrey Lo,COMP,Student
R. Phan,Robert Phan,CO,Student
J. Chu,Jeremy Chu,COMP,Student
M. Medina,Miguel Medina,CHS,Faculty
R. Singh,Ruby Singh,COMP,Faculty
J. Cameron,Joshua Cameron,CO,Faculty
R. Reddy,Rohan Reddy,CHS,Student
C. Yan,Christopher Yan,CGN,Student
A. H. Zargarzadeh,Amir H Zargarzadeh,COP,Faculty
S. Tkalcic,Suzana Tkalcic,CVM,Faculty
T. I. F. Chou,Tony I Chou,COP,Faculty
F. L. Tornatore,Frank L. Tornatore,COP,Faculty
R. Taheri,Reza   Taheri,COP,Faculty
T. C. Cheetham,T Craig Cheetham,COP,Faculty
K. K. Knapp,Katherine K. Knapp,COP,Faculty
M. D. Ray,Max D. Ray,COP,Faculty
B. Woodward,Brandon Woodward,CHS,Faculty
H. Lam,Hailey Lam,CHS,Student
S. Narayanan,Shivakumar Narayanan,COMP,Faculty
A. S. V. Shah,Apurva V. Shah,COMP,Faculty
F. Youssef,Fady Youssef,CO,Student
G. Flores,Gizelle Flores,CHS,Student
J. L. Buur,Jennifer L. Buur,CVM,Faculty
R. M. Quist,Ryan M Quist,COP,Faculty
L. S. Garavalia,Linda S Garavalia,COP,Faculty
D. C. Robinson,Daniel C. Robinson,COP,Faculty
H. R. Arias,Hugo Ruben Arias,COP,Faculty
K. Tang,Katherine Tang,COMP,Student
D. R. Brocks,Dion R. Brocks,COP,Faculty
J. J. Bertone,Joseph J. Bertone,CVM,Faculty
J. J. Chen,James J.. Chen,CDM,Faculty
A. Castro,Angela Castro,CHS,Faculty
H. G. Ibrahim,Hajer G. Ibrahim,COP,Faculty
F. Michael,Fady Michael,COMP,Student
E. Cho,Eun-Hwi Cho,CDM,Faculty
R. Alonzo,Rebecca Alonzo,CGN,Student
B. R. Shah,Bhaviesh R. Shah,COMP,Faculty
J. H. Kang,Jenny H Kang,COP,Faculty
Q. Nguyen,Quyen Nguyen,COP,Student
K. Yang,Kaileigh Yang,COMP,Student
E. K. Gupta,Eric K. Gupta,COP,Faculty
S. Chen,Shanshan Chen,COP,Faculty
S. R. Smith,Shawn Robert Smith,COP,Faculty
Q. Zhang,Qingwan Zhang,CO,Student
J. Wong,Jason Wong,COP,Faculty
S. Smith,Summer Smith,CGN,Student
D. Robinson,Daniel Robinson,COP,Faculty
A. Kugler,Anne Kugler,COP,Faculty
D. Hsu,Donald   Hsu,COP,Faculty
J. Scott,Jeremiah Scott,COMP,Faculty
L. B. Kidd,Linda B Kidd,CVM,Faculty
W. Liu,William Liu,CPM,Student
M. L. Davies,Marie L Davies,COP,Faculty
C. Ma,Claire Ma,COMP,Student
A. Pham,Aaron Pham,COP,Student
S. Yang,Sun Yang,COP,Faculty
K. Ma,Kelvin Ma,COMP,Faculty
A. Wongberinger,Annie   Wong-Beringer,COP,Faculty
T. J. T. Nguyen,Thomas J. Nguyen,CDM,Faculty
M. Le,Matthew Le,COP,Student
C. Jackevicius,Cynthia   Jackevicius,COP,Faculty
A. Chong,Alice Chong,CO,Student
R. S. Klotz,Roger S. Klotz,COP,Faculty
R. A. Floyd,Ronald A. Floyd,COP,Faculty
T. Moore,Timothy Moore,COMP,Student
H. Gogineni,Hyma Gogineni,COP,Faculty
J. Moon,Jihye Moon,CDM,Student
K. T. Marx,Kevin T. Marx,COP,Faculty
R. K. Bolan,Robert K. Bolan,COP,Faculty
C. X. J. Yuan,Xiao (Carol) Juan Yuan,COP,Faculty
J. Lacroix,Jerome Lacroix,GCBS,Faculty
K. J. Kim,Keun J. Kim,CVM,Faculty
R. A. Gallegos,Roger Alan Gallegos,CPM,Faculty
T. A. Murchie,Tracy Ann Murchie,CVM,Faculty
K. S. Soppimath,Kumaresh S. Soppimath,COP,Faculty
V. Green,Vuong   Green,COP,Faculty
T. Bach,Tiffany   Bach,COP,Faculty
J. M. Labovitz,Jonathan M Labovitz,CPM,Faculty
A. M. H. Chen,Anna M. Chen,COMP,Faculty
J. C. Wong,Jason C Wong,COP,Faculty
A. Ng,Abigail Ng,CGN,Student
A. Munoz,Alison Munoz,CGN,Student
R. Yang,Rui Yang,COMP,Faculty
J. P. Aranda,Josephine Pia Aranda,COP,Faculty
K. Hess,Karl   Hess,COP,Faculty
V. L. Voith,Victoria L Voith,CVM,Faculty
K. Hidalgo,Krisha Hidalgo,COMP,Student
R. Tran,Robert Tran,CPM,Student
K. A. Brock,Kelly A Brock,COP,Faculty
A. Saenz,Arlette Saenz,COP,Student
T. J. Liu,Tina Jo-Ting Liu,COP,Faculty
W. J. Murray,Wallace J. Murray,COP,Faculty
D. Wang,Dollars Wang,CO,Student
M. He,Munind He,CHS,Student
L. Zhou,Liheng Zhou,COMP,Student
A. T. Lin,Antony Te-Hui. Lin,COMP,Faculty
R. V. Yin,Raynold Vann. Yin,COP,Faculty
S. Wanwimolruk,Sompon   Wanwimolruk,COP,Faculty
T. Ng,Tiffany Ng,COMP,Student
D. C. Anderson,Dustin C. Anderson,CO,Faculty
W. Huang,W. Luke Huang,COMP,Faculty
P. Le,Phillip Le,COMP,Faculty
T. Ngo,Tram Ngo,CO,Student
D. Huynh,Daniel Huynh,COP,Student
C. Phan,Christopher Phan,COMP,Student
C. Hutchinson,Christopher Hutchinson,CHS,Student
J. K. Jun,Jeany K. Jun,COP,Faculty
L. Chan,Leo Chan,COMP,Student
S. Seo,Sarah Seo,CPM,Student
M. Lou,Marcus Lou,COMP,Student
C. Charavaryamath,Chandrashekhar   Charavaryamath,CVM,Faculty
M. Kim,Michelle Kim,CO,Student
A. Guevara,Anthony Guevara,COP,Student
K. J. Irizarry,Kristopher J. Irizarry,CVM,Faculty
E. Skoglund,Erik   Skoglund,COP,Faculty
L. H. Nazer,Lama H. Nazer,COP,Faculty
T. Chau,Tommy Chau,COP,Student
D. Le,Davis Le,COP,Student
C. S. Stern,Craig Stephen. Stern,COP,Faculty
H. Phan,Hai Phan,COMP,Faculty
Y. Liang,Yuluo Liang,CO,Student
Q. Li,Qingshun Li,GCBS,Faculty
F. Ahmad,Farhan Ahmad,COP,Student
S. Ali,Sajid Ali,COMP,Faculty
C. Cao,Chenghua Cao,CDM,Faculty
J. S. K. Chan,James K. Chan,CHS,Faculty
C. K. Chang,Craig K. Chang,COMP,Faculty
J. C. Chang,Joseph C. Chang,COP,Faculty
A. T. Chen,Andrew T. Chen,COMP,Faculty
A. Dehghan,Arghavan Dehghan,CDM,Student
D. Diaz,Daniel Diaz,CHS,Student
M. Gupta,Meeta Gupta,COP,Faculty
I. Hassan,Imran Hassan ,COMP,Faculty
J. Hussain,Jamal Hussain,COMP,Faculty
H. H. Huynh,Hanh Hong. Huynh,COP,Faculty
M. Khan,Mahbuba Khan,COMP,Faculty
A. Khosravi,Ali Khosravi,COMP,Student
K. Kim,Karine Kim,COP,Faculty
J. Lam,Jeffrey Lam,CO,Student
T. T. T. Le,Thomas T. Le,COMP,Faculty
T. D. T. Le,Thomas T. Le,COMP,Faculty
V. Mohan,Vishnu Mohan,COMP,Faculty
J. F. Mosser,Jeffrey F. Mosser,COMP,Faculty
M. Ng,Mikayla Ng,COP,Student
A. H. Nguyen,Albert H. Nguyen,COMP,Faculty
H. T. H. Nguyen,Huy T. Nguyen,CHS,Faculty
A. Shaikh,Atifah Shaikh,CDM,Student
J. Tian,Jinzhou Tian,COMP,Student
J. T. Tran,James T.. Tran,CHS,Faculty
C. Wu,Chengcong (Charlie) Wu,COMP,Faculty
L. Zhu,Levia Zhu,COP,Student
B. S. Kim,Brian S. Kim,COP,Faculty
C. Zheng,Crystal Zheng,CHS,Student
L. Hekimyan,Luiza Hekimyan,COP,Student
F. A. Cruz,Francheska Anne Cruz,COP,Student
T. Brower,Taylor Brower,COP,Student
N. D. Leon,Noelle K de Leon,COP,Faculty
N. K. D. Leon,Noelle K de Leon,COP,Faculty
K. Uh,Kayla Uh,COP,Faculty
X. J. Yuan,Xiao (Carol) Juan Yuan,COP,Faculty
D. B. Tataw,David B. Tataw,CHS,Faculty
L. Garavalia,Linda Garavalia,COP,Faculty
I. Tonnumihara,Ivy Tonnu-Mihara,COP,Faculty
J. H. Watanabe,Jonathan H Watanabe,COP,Faculty
M. Davies,Marie Davies,COP,Faculty
G. Sharma,Guru Sharma,CO,Faculty
T. J. Kleyn,Thomas Jacob Kleyn,COP,Faculty
T. M. Cong,Thao M. Cong,COP,Faculty
J. S. C. Wang,Jenny C. Wang,COMP,Faculty
C. Gill,Camrin Gill,COP,Student
A. Abdo,Amir Abdo,COP,Student
A. Eisa,Ava Eisa,COP,Student
D. A. Nadeau,Daniel A. Nadeau,COP,Faculty
D. P. L. Sachs,David P.L.. Sachs,COP,Faculty
S. Ross,Sydney Ross,CVM,Student
T. Hong,Thao Hong,CGN,Student
E. M. Vivian,Eva Marie Vivian,COP,Faculty
N. Baladybouziane,Nadrine Balady-Bouziane,COP,Faculty
S. J. Martin,Stephanie J. Martin,COMP,Faculty
L. Lee,Loren Lee,CDM,Faculty
K. Johnson,Kiera Johnson,CVM,Student
C. Supsin,Chairat Supsin,COP,Faculty
M. E. P. Rodriguez,Mireya E. Rodriguez,CDM,Faculty
C. Dai,Chih-Wei   Dai,COP,Faculty
A. Rizos,Albert Rizos,COP,Faculty
B. Tang,Binh Tang,COP,Faculty
G. Su,Gloria Su,CGN,Student
R. Shaneck,Rebecca Shaneck,COMP,Student
R. Miwalian,Rita Miwalian,COMP,Student
B. Lopez,Brianna Lopez,COP,Student
C. Du,Claire Du,CO,Student
P. Dang,Preston Dang,COMP,Student
L. Tran,Lan Tran,COMP,Student
B. Williams,Bryan Williams,CVM,Student
D. Duong,Diana Duong,CDM,Student
T. Clark,Trence Clark,COMP,Faculty
S. C. Lam,Steven C Lam,COMP,Faculty
M. Block,Molly Block,COMP,Student
P. P. Diniz,Pedro P. Diniz,CVM,Faculty
S. Wu,Sarah Wu,CGN,Student
S. Do,Stacy Do,CDM,Student
J. H. Du,Jennifer H. Du,COP,Faculty
M. Li,Mike Li,CDM,Faculty
J. Du,Jennifer Du,CGN,Student
J. Tan,Jiayan Tan,COMP,Student
G. R. Johnston,Gary R. Johnston,CVM,Faculty
J. Cho,Jacob Cho,COMP,Student
J. Najera,Jonathan Najera,CVM,Student
J. A. Gama,John A. Gama,COP,Faculty
D. Schultz,David Schultz,COMP,Student
Y. Lu,Yimeng Lu,CVM,Student
R. Mcgory,Robert   McGory,COP,Faculty
H. N. Nguyen,Hoang N. Nguyen,CPM,Faculty
G. C. Alexander,Gloria C. Alexander,COMP,Faculty
A. H. Bitar,Adib H. Bitar,COMP,Faculty
M. Mehta,Manish Mehta,COMP,Faculty
L. Xu,Lisa Xu,CGN,Student
M. Ahmed,Maha Ahmed,CO,Student
D. Liou,Daniel Liou,COP,Faculty
A. Ramirez,Andrea Ramirez,COP,Student
C. J. Lee,Chang Jin Lee,CDM,Student
V. Agarwal,Vandana Agarwal,COMP,Faculty
J. Spencer,Jacob Spencer,COMP,Student
A. Zhao,Alair Zhao,CPM,Student
C. Smith,Carissa Smith,CVM,Student
J. F. Martinez,Jesse F. Martinez,COP,Faculty
M. Dawes,Maisie Dawes,CVM,Faculty
M. D. Saggese,Miguel Daniel Saggese,CVM,Faculty
R. Mireles,Rudolf Mireles,COP,Faculty
T. J. Park,Tony J. Park,COP,Faculty
V. Patel,Vinod Patel,COMP,Faculty
L. X. T. Nguyen,Linda T. Nguyen,COP,Faculty
T. Kleyn,Thomas Kleyn,COP,Faculty
M. Cao,Minh Cao,CPM,Student
M. J. Levi,Michael J. Levi,CPM,Faculty
J. Tu,Jordan Tu,COMP,Student
J. Shapiro,Jarrod Shapiro,CPM,Faculty
D. Lin,Daphne Lin,COP,Student
F. Chan,Francis Chan,CPM,Faculty
K. E. Penera,Keith E Penera,CPM,Faculty
T. R. Leaming,Troy R Leaming,CPM,Faculty
M. Carter,Michael Carter,COMP,Faculty
B. Rhim,Bora   Rhim,CPM,Faculty
R. G. Frykberg,Robert G. Frykberg,CPM,Faculty
L. J. Jones,Lester J. Jones,CPM,Faculty
V. K. Satterfield,V Kathleeen Satterfield,CPM,Faculty
N. T. Smith,Nathanael T.. Smith,CPM,Faculty
J. B. Truong,Jacqueline B-T Truong,CPM,Faculty
F. L. S. Chan,Francis L.S. Chan,CPM,Faculty
L. Hodor,Lawrence Hodor,CPM,Faculty
R. A. Christman,Robert A. Christman,CPM,Faculty
K. K. Ragothaman,Kevin K. Ragothaman,CPM,Faculty
J. Truong,Jacqueline Truong,CPM,Faculty
A. S. Ross,Arnold S. Ross,CPM,Faculty
J. L. Fontaine,Javier La Fontaine,CPM,Faculty
B. Grecea,Bogdan Grecea,CPM,Faculty
Y. Izumi,Yuki Izumi,CPM,Faculty
K. Satterfield,Kathleen Satterfield,CPM,Faculty
S. Desai,Shreya Desai,COP,Student
A. L. Nguyen,Au-Co L. Nguyen,COMP,Faculty
T. Chuang,Tiffany   Chuang,CO,Faculty
D. Pougatsch,David Pougatsch,CPM,Faculty
L. Oconnell,Laura-Ashley O'Connell,CPM,Faculty
A. F. Hoffman,Arlene F. Hoffman,CPM,Faculty
B. Amrami,Binyamin Amrami,CPM,Faculty
T. Shaw,Tracie Shaw,CPM,Faculty
E. Mirasol,Evyn Mirasol,CPM,Student
L. Z. Huppin,Lawrence Z. Huppin,CPM,Faculty
P. R. Scherer,Paul R. Scherer,CPM,Faculty
K. Kay,Kaelen Kay,COMP,Student
D. Griffon,Dominique   Griffon,CVM,Faculty
J. M. Wilson,Jack M. Wilson,COMP,Faculty
E. Boynton,Elizabeth Boynton,CVM,Faculty
D. C. Kersey,David C. Kersey,CVM,Faculty
L. Kidd,Linda Kidd,CVM,Faculty
P. N. Gordonross,Paul N. Gordon-Ross,CVM,Faculty
O. Levi,Ohad Levi,CVM,Faculty
M. C. Barr,Margaret C. Barr,CVM,Faculty
J. Rutllantlabeaga,Josep Rutllant-Labeaga,CVM,Faculty
I. C. Fuentealba,I Carmen Fuentealba,CVM,Faculty
K. S. Schulz,Kyle S.. Schulz,COMP,Faculty
M. Fahie,Maria   Fahie,CVM,Faculty
E. M. Charles,Elizabeth M. Charles,CVM,Faculty
Y. H. Kim,Yoon Hee. Kim,CDM,Faculty
J. W. Tyler,John William Tyler,CVM,Faculty
T. Melgarejo,Tonatiuh   Melgarejo,CVM,Faculty
B. B. Oakley,Brian B Oakley,CVM,Faculty
B. Hayes,Brett Hayes,COMP,Student
H. Engelke,Helen Engelke,CVM,Faculty
J. L. Brown,Justin L. Brown,CPM,Faculty
E. W. Collisson,Ellen W. Collisson,CVM,Faculty
H. Jung,Hemi Jung,COP,Faculty
Y. Drechsler,Yvonne Drechsler,CVM,Faculty
T. Y. Morishita,Teresa Y Morishita,CVM,Faculty
D. Chan,Dakota Chan,CHS,Student
S. D. Johnston,Shirley D. Johnston,CVM,Faculty
S. J. Waldhalm,Stephen James Waldhalm,CVM,Faculty
A. L. Johnson,Alegro L. Johnson,COMP,Faculty
J. Clark,Joshua Clark,CHS,Student
M. Rafla,Michael Rafla,CVM,Student
S. Johnson,Samantha Johnson,COMP,Student
L. Y. Lee,Linda Yongchae. Lee,COP,Faculty
B. Faramarzi,Babak Faramarzi,CVM,Faculty
R. Hanselmann,Rhea   Hanselmann,CVM,Faculty
A. Alcaraz,Ana Alcaraz,CVM,Faculty
R. V. Mason,Robert V. Mason,CVM,Faculty
J. P. Reynolds,James P Reynolds,CVM,Faculty
R. L. Terra,Ronald L Terra,CVM,Faculty
J. C. Wright,Jonathan C. Wright,COMP,Faculty
D. E. Clark,David E Clark,CVM,Faculty
L. Reese,Logan Reese,CHS,Student
H. Lee,Hanna Lee,CDM,Faculty
S. Waldhalm,Stephen Waldhalm,CVM,Faculty
M. E. Cooper,Megan E. Cooper,CVM,Faculty
S. A. Khan,Sara A. Khan,COMP,Faculty
J. Taboada,Jordan Taboada,COMP,Student
L. M. Rasmussen,Lara M. Rasmussen,CVM,Faculty
P. Gordonross,Paul Gordon-Ross,CVM,Faculty
M. Haupt,Martina Haupt,CVM,Faculty
J. S. Anderson,Jason Scott Anderson,CVM,Faculty
M. A. Mir,Mohammad Ayoub Mir,CVM,Faculty
P. P. V. Diniz,Pedro P. Diniz,CVM,Faculty
F. Bossong,Frank Bossong,CVM,Faculty
K. Garcia,Kathryn Garcia,CVM,Student
M. Weakley,Mina Weakley,CVM,Student
T. Do,Tram Do,CVM,Student
S. D. Forrester,S. Dru Forrester,CVM,Faculty
E. P. Boynton,Elizabeth P. Boynton,CVM,Faculty
T. R. Phillips,Thomas R. Phillips,CVM,Faculty
D. Clark,David Clark,CVM,Faculty
C. Zhao,Chonghao Zhao,COMP,Faculty
R. Ramirez,Roberto Ramirez,CVM,Student
M. E. Dawes,Maisie E Dawes,CVM,Faculty
D. Avenick,Daniel Avenick,CVM,Faculty
E. Green,Eric Green,CGN,Student
D. Kersey,David   Kersey,CVM,Faculty
R. Trevejo,Rosalie   Trevejo,CVM,Faculty
N. Simms,Noel Simms,CVM,Student
S. Harrison,Scarlett Harrison,CVM,Student
A. Pena,Alexander Pena,CVM,Student
Z. N. Hedge,Zarah N Hedge,CVM,Faculty
D. Jung,Dahee Jung,CGN,Student
J. A. Robinson,Jerome A. Robinson,COMP,Faculty
C. Ross,Charles Ross,COMP,Faculty
W. Wong,Webster Wong,COMP,Faculty
P. D. Govett,Pamela D Govett,CVM,Faculty
S. Cho,Stephanie Cho,COMP,Student
M. Tanaka,Masaji Tanaka,COP,Faculty
E. Collisson,Ellen   Collisson,CVM,Faculty
S. K. Halland,Spring K Halland,CVM,Faculty
A. Carloallende,Anaid Carlo-Allende,CVM,Student
J. Ruiz,Jacob Ruiz,CVM,Student
J. A. Johnson,Jacqueline Anne. Johnson,COMP,Faculty
S. Halland,Spring Halland,CVM,Faculty
G. Barrett,Gini   Barrett,CVM,Faculty
M. Kent,Micaela Kent,CVM,Student
A. Srivastava,Ananta Srivastava,COMP,Student
L. J. Thompson,Leonard J. Thompson,COMP,Faculty
G. White,Garrison White,COMP,Student
H. Liu,Hui Liu,CDM,Faculty
S. J. Henriksen,Steven Jon Henriksen,GCBS,Faculty
M. Karama,Musafiri   Karama,CVM,Faculty
C. S. Osmond,Christian S. Osmond,CVM,Faculty
J. Joslin,Janis Joslin,CVM,Faculty
D. E. Mcclure,Diane E. McClure,CVM,Faculty
A. Lopez,Amanda Lopez,CO,Student
R. E. Marin,Rebecca E.. Marin,CDM,Faculty
S. Hill,Steve Hill,CVM,Faculty
T. M. Concannon,Timothy M. Concannon,CVM,Faculty
V. Q. A. Le,Quang A Le,COP,Faculty
M. Mendoza,Mary Mendoza,CGN,Student
P. Lin,Pen-Jen Lin,GCBS,Faculty
H. B. Hamilton,Helen B. Hamilton,CVM,Faculty
P. D. Nelson,Phillip D. Nelson,CVM,Faculty
D. Kim,Da Kim,CO,Student
Z. Hedge,Zarah Hedge,CVM,Faculty
C. Bacmeister,Cynthia Bacmeister,CVM,Faculty
S. S. Lee,Steven Sungkoo. Lee,COMP,Faculty
C. Miller,Courtney Miller,CVM,Student
S. Henriksen,Stephen Henriksen,CDM,Student
T. S. Mcnamara,Tracey S. McNamara,CVM,Faculty
N. Kim,Nickaulus Kim,CDM,Student
D. Smylie,Dean Smylie,CVM,Faculty
M. Winters,Morgan Winters,CVM,Student
A. Long,Aleksandra Long,CVM,Student
J. D. Ondrak,Jeff D. Ondrak,CVM,Faculty
B. T. Halsberghe,Bart Tom. Halsberghe,CVM,Faculty
S. Cao,Shirley Cao,CGN,Student
G. J. Valenzuela,Guillermo J. Valenzuela,COMP,Faculty
M. H. Rodriguez,Maria Hellen. Rodriguez,COMP,Faculty
S. Zhu,Shelley Zhu,CHS,Student
S. Arabian,Sarkis Arabian,COMP,Faculty
K. Dong,Kelly Dong,COMP,Student
C. Johnson,C. Anderson Johnson,COMP,Faculty
K. Wu,Kevin Wu,COMP,Student
E. Lupori,Ellese Lupori,COMP,Student
H. Young,Halle Young,COMP,Student
S. Thomas,Silas Thomas,CHS,Student
D. Beckett,David Beckett,COMP,Student
G. Gingras,Graham Gingras,COMP,Student
J. Williams,Judd Williams,COMP,Student
A. Truong,Andrew Truong,CHS,Student
R. Nguyen,Randy Nguyen,COP,Student
J. Martinez,Johnathan Martinez,COMP,Student
S. W. Cohen,Steven William. Cohen,COMP,Faculty
S. Salgia,Sabrina Salgia,COMP,Student
R. Xu,Ruobing Xu,CDM,Student
D. Agrawal,D. Agrawal,CCTR,Faculty
V. Thomas,Violet Thomas,CHS,Student
D. K. Agrawal,D. K. Agrawal,CCTR,Faculty
M. Bradley,Mikayla Bradley,COMP,Student
S. Henry,Sean Henry,CHS,Student
G. R. D. Evans,Gregory RD. Evans,CHS,Faculty
V. Kumar,Vikram Kumar,COMP,Faculty
V. Rai,V. Rai,CCTR,Faculty
M. Thakur,Mannat Thakur,COMP,Student
M. Atwal,Manreet Atwal,CDM,Student
D. Rabadi,Donya Rabadi,CPM,Student
B. Wong,Brian Wong,CPM,Student
D. Chung,Daniel Chung,CPM,Student
A. M. Estes,Adrienne M Estes,CPM,Faculty
R. Chen,Rosana Chen,CDM,Faculty
P. V. Cheng,Pauline Valerie Cheng,COMP,Student
M. Kaur,Manjot Kaur,COP,Student
R. Kaur,Rabina Kaur,COMP,Student
N. Arora,Nyanika Arora,CPM,Student
T. Haider,Tasnia Haider,COMP,Student
C. Jimenez,Christopher Jimenez,CDM,Student
T. Smith,Tori Smith,COMP,Faculty
M. R. Ahmed,Mohamed   Radwan Ahmed,COMP,Faculty
S. Nath,Shilpa Nath,COMP,Student
D. J. Raz,Dan J. Raz,CHS,Faculty
A. C. Brady,Adam C.. Brady,COMP,Faculty
K. M. Middleton,Kevin M. Middleton,COMP,Faculty
B. Tran,Bao Cong Tran,COMP,Faculty
M. Rudolph,Michael Rudolph,COMP,Faculty
J. P. T. Nguyen,Phu Thien. Nguyen,COMP,Faculty
L. Limfueco,Luke Limfueco,COMP,Student
G. Yu,Gavin Yu,COMP,Student
S. Lam,Steven Lam,COMP,Faculty
E. Nguyen,Elaine Nguyen,COP,Faculty
M. L. Johnson,Malia L. Johnson,CDM,Faculty
J. D. Leon,Jilliane De Leon,CVM,Student
M. Hanna,Merna Hanna,CDM,Student
J. Zhu,Juanqi (Nikki) Zhu,COP,Faculty
B. O. S. Bengtsson,Bengt-Ola S. Bengtsson,COMP,Faculty
G. Gugelchuk,Gary Gugelchuk,COMP,Faculty
S. Alvarez,Samuel Alvarez,CHS,Student
P. Vyas,Pankaj Vyas,CGN,Faculty
J. Seo,Jeongbin Seo,COMP,Student
D. W. Lee,David W. Lee,COMP,Faculty
A. Lavi,Alfred Lavi,COMP,Faculty
D. Castro,Dominador Castro,CHS,Student
A. Bui,Alysandra Bui,CHS,Student
S. Hu,Stacy   Hu,CO,Faculty
Y. Tang,Yin Tang,CDM,Faculty
R. Leeper,Rick Leeper,COMP,Faculty
D. Mashiach,Daniel Mashiach,COMP,Student
J. Wood,Jeremy Wood,COMP,Student
K. Mccutcheon,Kaitlyn McCutcheon,CVM,Student
K. Duong,Kim Duong,COMP,Student
V. Wong,Vicky Wong,CO,Student
S. E. Davis,Steven Earl. Davis,COMP,Faculty
S. Morgan,Sally Morgan,CGN,Faculty
S. J. Lee,Sung June Lee,COMP,Student
M. H. Lee,Margaret H. Lee,CPM,Faculty
S. Stewart,Samuel Stewart,COMP,Student
M. E. K. Wong,Edward K. Wong,GCBS,Faculty
V. Amin,Vidhi Amin,COMP,Student
J. Shih,Jeremy Shih,CPM,Student
M. C. Gupta,Mahesh C.. Gupta,COMP,Faculty
J. C. Steinmann,John C. Steinmann,CHS,Faculty
J. Cohen,Jennifer   Cohen,CGN,Faculty
A. Samples,Alexis Samples,COMP,Student
A. Garcia,Alina Garcia,CO,Student
M. Soh,Margaret Soh,CDM,Faculty
D. Cabrera,Danica Cabrera,COP,Student
M. Choi,Michael Choi,COP,Faculty
L. M. Oloff,Lawrence M. Oloff,CPM,Faculty
T. Yang,Tiffany Yang,COMP,Student
A. Tan,Andrew Tan,COP,Faculty
S. Frey,Samantha Frey,COMP,Student
M. Martinez,Mariana Martinez,CVM,Student
M. Y. Chen,Ming Y. Chen,COMP,Faculty
R. Michel,Rosemay Michel,CPM,Faculty
A. Yeh,Andrew Yeh,COMP,Faculty
M. Hall,Maryanne Hall,CHS,Faculty
J. Kurtz,Jeremy Kurtz,COMP,Student
J. T. Pham,John T. Pham,COMP,Faculty
G. Brennan,Greg Brennan,CVM,Faculty
J. O. P. Chung,Jennifer P. Chung,CDM,Faculty
M. Islam,Maha Islam,CDM,Student
D. Fitzgerald,Danielle Fitzgerald,CDM,Student
Q. Yu,Qinlin Yu,COMP,Student
P. Jones,Priscilla Jones,COMP,Student
L. L. Herman,Linda L. Herman,COMP,Faculty
S. Zarei,Setareh Zarei,CHS,Student
F. Nasouri,Farnoush Nasouri,COMP,Student
M. Pham,Maggie Pham,COMP,Faculty
F. Iqbal,Fatima Iqbal,COMP,Student
J. L. Fairley,Jeffrey L Fairley,CHS,Faculty
N. Vega,Norma Vega,CGN,Student
N. Kadri,Nadine Kadri,COMP,Student
W. Nguyen,William Nguyen,CDM,Student
S. Banerjee,Sudeshna Banerjee,COMP,Faculty
F. Yu,FengHui Yu,COMP,Student
R. Zhao,Ruizhuo Zhao,CGN,Student
O. Orabueze,Ogochukwu Orabueze,COP,Student
H. L. Chang,Hyewon L. Chang,CO,Faculty
D. M. Emanuele,Donna M Emanuele,CGN,Faculty
L. H. P. Nguyen,Loan P. Nguyen,COMP,Faculty
J. Flores,Jessica Flores,CVM,Student
W. T. Kirby,William T. Kirby,COMP,Faculty
W. B. Harer,W. Benson. Harer,COMP,Faculty
A. Alirezaei,Arash Alirezaei,CDM,Student
A. Hernandez,Ariana Hernandez,COMP,Student
M. Sullivan,Mary Sullivan,COMP,Faculty
J. Elo,Jeffrey Elo,CDM,Faculty
C. E. A. Chang,Caroline A.. Chang,CDM,Faculty
J. Gomez,Jerardo Gomez,CHS,Student
J. Liao,Jenng-Jong Liao,COMP,Faculty
J. Imbrie,John Imbrie,COMP,Student
R. M. Cestero,Ramon M. Cestero,COMP,Faculty
J. C. Young,Jeffrey C. Young,COMP,Faculty
N. M. Aboukaram,Nada M.. Abou-Karam,COP,Faculty
S. P. Chawla,Sant P. Chawla,COMP,Faculty
A. Raja,Ajith Raja,COMP,Student
C. Steinberg,Craig Steinberg,COP,Faculty
J. Ledesma,Jennifer Ledesma,COP,Student
D. Trinh,Daniel Trinh,COMP,Student
G. Hollands,Gillian   Hollands,CO,Faculty
R. Gordon,Robert Gordon,CO,Faculty
J. C. Messenger,John C. Messenger,COMP,Faculty
M. D. Schwartz,Michael D. Schwartz,COMP,Faculty
A. Andrade,Amber Andrade,COMP,Student
J. Kovacs,J. Suzie   Kovacs,CVM,Faculty
J. Yeam,Joohee Yeam,COMP,Student
G. Thrush,Gerald Thrush,COMP,Faculty
J. Hsiou,Joyce Hsiou,COMP,Student
K. Ha,Ken Ha,COMP,Student
J. H. Patel,Jignesh H. Patel,COP,Faculty
C. C. Letherer,Cathy Chang Letherer,CHS,Faculty
K. Bianco,Kathy   Bianco,CHS,Faculty
S. H. Kim,Steven H. Kim,COP,Faculty
J. Abraham,Julie Abraham,COP,Faculty
N. Hashemi,Nastran Hashemi,COMP,Faculty
H. King,Hwa-Kou King,COMP,Faculty
K. T. Nguyen,Khoa T. Nguyen,CDM,Faculty
M. G. Garoufalis,Mathew G. Garoufalis,CPM,Faculty
D. L. Johnson,Debra L.. Johnson,CHS,Faculty
J. Rosen,Joseph Rosen,COMP,Student
J. L. Mills,Joseph L. Mills,CPM,Faculty
M. Wang,Michelle Wang,COMP,Student
A. Bains,Anoopjot Bains,COMP,Student
D. Chim,David Chim,COMP,Faculty
P. H. Cheng,Peter H. Cheng,COMP,Faculty
M. K. Sebzda,Mary K. Sebzda,CVM,Faculty
N. Tran,Nhi Tran,COP,Student
A. Sze,Aaron Sze,CHS,Student
D. Li,Debory Li,COMP,Student
S. Siddiqi,Shan Siddiqi,COMP,Faculty
A. Ross,Amy Ross,CVM,Student
T. T. S. Clair,Tyler St. Clair,COMP,Student
J. Olson,Jenessa Olson,COMP,Student
J. Miller,Jordan Miller,COMP,Student
S. Azad,Sharmeen Azad,COMP,Student
R. Fu,Rong Fu,CO,Student
J. Chow,James Chow,COP,Faculty
